{
    "91pois_instancia_general2": {
        "NumPOIs": 17,
        "Time": 3608.5249469280243,
        "TotalVisitTime": 426.0,
        "TotaltravelTime": 44.63333333333334,
        "arrival": [
            [
                4.149999999999977,
                31.899999999999977,
                58.950000000000045,
                84.2666666660001,
                120.0,
                150.73333333300002,
                186.11666666600001,
                217.96666666700003,
                240.0,
                266.1333333349999,
                294.46666666799996,
                328.533333334,
                351.433333334,
                393.683333334,
                430.75,
                480.0
            ]
        ],
        "arrivalH": [
            4.15,
            31.9,
            58.95,
            84.26666666666667,
            113.56666666666666,
            144.3,
            179.68333333333334,
            210.71666666666667,
            232.75,
            256.76666666666665,
            285.09999999999997,
            319.16666666666663,
            342.0666666666666,
            384.3166666666666,
            421.38333333333327,
            470.63333333333327
        ],
        "objH": 128.5,
        "objective": 133.0,
        "permutation": [
            40,
            71,
            36,
            55,
            56,
            79,
            83,
            33,
            52,
            45,
            66,
            73,
            64,
            20,
            13,
            91
        ],
        "status": 1
    }
}