{
    "21pois_instancia_general2": {
        "NumPOIs": 15,
        "Time": 2.799575090408325,
        "TotalVisitTime": 444.0,
        "TotaltravelTime": 32.33333333333334,
        "arrival": [
            [
                2.9166666669999586,
                35.86666666699995,
                63.74999999999994,
                121.14999999999992,
                160.3666666669999,
                208.04999999999984,
                234.0833333329998,
                260.1666666660001,
                294.2333333330001,
                316.01666666600005,
                349.116666666,
                388.433333333,
                448.533333333,
                480.0
            ]
        ],
        "arrivalH": [
            2.9166666666666665,
            35.86666666666667,
            63.75,
            121.15,
            160.36666666666667,
            208.05,
            234.08333333333334,
            256.5,
            290.56666666666666,
            312.35,
            345.45000000000005,
            384.7666666666667,
            444.86666666666673,
            476.33333333333337
        ],
        "objH": 83.0,
        "objective": 83.0,
        "permutation": [
            9,
            8,
            7,
            3,
            11,
            2,
            6,
            16,
            18,
            1,
            15,
            4,
            19,
            21
        ],
        "status": 1
    }
}