{
    "81pois_instancia_general2": {
        "NumPOIs": 17,
        "Time": 3615.1562311649323,
        "TotalVisitTime": 440.0,
        "TotaltravelTime": 39.85000000000001,
        "arrival": [
            [
                1.1166666660000146,
                29.033333331999984,
                54.866666665000025,
                83.04999999800009,
                113.36666666400015,
                139.51666666400013,
                161.5499999970001,
                185.98333333000016,
                214.89999999600013,
                262.10000000199994,
                292.5000000019999,
                322.33333333499996,
                350.60000000099996,
                392.85000000099996,
                429.91666666699996,
                480.0
            ]
        ],
        "arrivalH": [
            1.1166666666666667,
            29.033333333333335,
            54.86666666666667,
            83.05,
            113.36666666666666,
            139.51666666666665,
            161.54999999999998,
            185.98333333333332,
            214.89999999999998,
            261.95,
            292.34999999999997,
            322.1833333333333,
            350.44999999999993,
            392.69999999999993,
            429.7666666666666,
            479.8499999999999
        ],
        "objH": 132.0,
        "objective": 132.0,
        "permutation": [
            5,
            66,
            38,
            52,
            34,
            31,
            49,
            53,
            67,
            27,
            44,
            8,
            61,
            18,
            13,
            81
        ],
        "status": 1
    }
}