{
    "71pois_instancia_general3": {
        "NumPOIs": 16,
        "Time": 1119.9663662910461,
        "TotalVisitTime": 436.0,
        "TotaltravelTime": 42.78333333333334,
        "arrival": [
            [
                3.0,
                33.31666666700005,
                61.1333333340001,
                95.15000000100008,
                120.43333333400005,
                149.21666666700003,
                176.60000000000002,
                211.33333333300004,
                242.933333334,
                272.333333334,
                301.816666667,
                334.916666667,
                374.2,
                426.4,
                480.0
            ]
        ],
        "arrivalH": [
            3.0,
            33.31666666666666,
            61.133333333333326,
            95.14999999999999,
            120.43333333333332,
            149.21666666666664,
            176.59999999999997,
            211.33333333333331,
            241.71666666666664,
            271.1166666666666,
            300.59999999999997,
            333.7,
            372.98333333333335,
            425.18333333333334,
            478.78333333333336
        ],
        "objH": 123.25,
        "objective": 123.25,
        "permutation": [
            40,
            23,
            50,
            54,
            38,
            64,
            59,
            41,
            31,
            20,
            5,
            48,
            6,
            69,
            71
        ],
        "status": 1
    }
}