{
    "41pois_instancia_general1": {
        "NumPOIs": 15,
        "Time": 465.68927121162415,
        "TotalVisitTime": 436.0,
        "TotaltravelTime": 39.66666666666667,
        "arrival": [
            [
                2.866666667000004,
                51.14999999999998,
                77.54999999999995,
                119.84999999999997,
                145.99999999999994,
                168.03333333299992,
                196.8166666659999,
                226.0666666659999,
                280.44999999999993,
                308.7166666669999,
                348.81666666699994,
                381.4,
                427.816666667,
                480.0
            ]
        ],
        "arrivalH": [
            2.8666666666666667,
            51.15,
            77.55,
            119.85,
            146.0,
            168.03333333333333,
            196.81666666666666,
            226.06666666666666,
            276.1166666666667,
            304.3833333333333,
            344.48333333333335,
            377.06666666666666,
            423.48333333333335,
            475.6666666666667
        ],
        "objH": 111.0,
        "objective": 111.0,
        "permutation": [
            29,
            28,
            37,
            14,
            13,
            20,
            34,
            19,
            1,
            25,
            3,
            16,
            6,
            41
        ],
        "status": 1
    }
}