{
    "11pois_instancia_general3": {
        "NumPOIs": 12,
        "Time": 0.9773740768432617,
        "TotalVisitTime": 357.0,
        "TotaltravelTime": 32.150000000000006,
        "arrival": [
            [
                3.783333332999973,
                120.0,
                150.91666666699996,
                197.91666666699996,
                239.41666666699996,
                299.35000000000014,
                321.1333333330001,
                354.2333333330001,
                395.33333333300004,
                420.6,
                480.0
            ]
        ],
        "arrivalH": [
            3.783333333333333,
            29.549999999999997,
            60.46666666666667,
            107.46666666666667,
            148.96666666666667,
            208.5,
            230.28333333333333,
            263.3833333333333,
            304.48333333333335,
            329.75,
            389.15
        ],
        "objH": 48.5,
        "objective": 65.0,
        "permutation": [
            9,
            5,
            6,
            3,
            7,
            10,
            1,
            8,
            4,
            2,
            11
        ],
        "status": 1
    }
}