{
    "51pois_instancia_general1": {
        "NumPOIs": 15,
        "Time": 154.2265543937683,
        "TotalVisitTime": 440.0,
        "TotaltravelTime": 39.11666666666666,
        "arrival": [
            [
                3.8500000000000227,
                44.66666666700007,
                70.65000000000009,
                120.0,
                149.30000000000007,
                203.5166666670001,
                233.91666666700007,
                255.53333333399996,
                285.93333333399994,
                314.18333333399994,
                355.450000001,
                383.083333334,
                442.46666666699997,
                480.0
            ]
        ],
        "arrivalH": [
            3.85,
            44.66666666666667,
            70.65,
            119.15,
            148.45000000000002,
            202.66666666666669,
            233.0666666666667,
            254.65000000000003,
            285.05,
            313.3,
            354.56666666666666,
            382.2,
            441.5833333333333,
            479.1166666666667
        ],
        "objH": 112.0,
        "objective": 114.0,
        "permutation": [
            5,
            16,
            3,
            19,
            30,
            23,
            37,
            48,
            13,
            28,
            44,
            4,
            31,
            51
        ],
        "status": 1
    }
}