{
    "41pois_instancia_general3": {
        "NumPOIs": 15,
        "Time": 171.66655564308167,
        "TotalVisitTime": 445.0,
        "TotaltravelTime": 31.483333333333334,
        "arrival": [
            [
                1.2833333329999732,
                32.566666665999946,
                60.58333333199994,
                88.33333333199994,
                115.29999999799986,
                156.1166666639998,
                181.43333332999975,
                214.38333333600008,
                239.01666666900007,
                279.90000000200007,
                334.03333333500007,
                369.75000000100005,
                422.08333333400003,
                480.0
            ]
        ],
        "arrivalH": [
            1.2833333333333334,
            32.56666666666666,
            60.58333333333333,
            88.33333333333333,
            115.3,
            156.11666666666667,
            181.43333333333334,
            210.86666666666667,
            235.5,
            276.3833333333333,
            330.51666666666665,
            366.23333333333335,
            418.56666666666666,
            476.48333333333335
        ],
        "objH": 112.75,
        "objective": 112.75,
        "permutation": [
            22,
            1,
            14,
            30,
            5,
            12,
            23,
            20,
            11,
            36,
            4,
            38,
            3,
            41
        ],
        "status": 1
    }
}