{
    "41pois_instancia_general2": {
        "NumPOIs": 14,
        "Time": 156.00220704078674,
        "TotalVisitTime": 432.0,
        "TotaltravelTime": 46.949999999999996,
        "arrival": [
            [
                6.0,
                30.91666666699996,
                59.90000000099997,
                120.0,
                149.366666667,
                169.95000000100003,
                197.66666666499998,
                239.16666666499998,
                299.766666665,
                334.43333333199996,
                370.149999999,
                423.716666666,
                480.0
            ]
        ],
        "arrivalH": [
            6.0,
            30.916666666666668,
            59.900000000000006,
            119.16666666666667,
            148.53333333333333,
            169.11666666666667,
            196.61666666666667,
            238.11666666666667,
            298.7166666666667,
            333.3833333333334,
            369.1,
            422.6666666666667,
            478.95000000000005
        ],
        "objH": 94.0,
        "objective": 96.0,
        "permutation": [
            35,
            5,
            31,
            39,
            1,
            25,
            10,
            29,
            32,
            8,
            40,
            9,
            41
        ],
        "status": 1
    }
}