{
    "31pois_instancia_general1": {
        "NumPOIs": 15,
        "Time": 965.8705694675446,
        "TotalVisitTime": 428.0,
        "TotaltravelTime": 51.91666666666667,
        "arrival": [
            [
                1.0,
                45.76666666699998,
                76.14999999999998,
                119.59999999999991,
                147.63333333299988,
                175.4833333329998,
                209.33333333299976,
                249.3500000000003,
                284.46666666700025,
                322.4500000000002,
                358.65000000000015,
                413.6833333330001,
                448.43333333300006,
                480.0
            ]
        ],
        "arrivalH": [
            1.0,
            45.766666666666666,
            76.15,
            119.60000000000001,
            147.63333333333333,
            175.48333333333332,
            209.33333333333331,
            249.26666666666665,
            284.3833333333333,
            322.3666666666667,
            358.56666666666666,
            413.6,
            448.35,
            479.9166666666667
        ],
        "objH": 85.0,
        "objective": 85.0,
        "permutation": [
            23,
            15,
            2,
            13,
            28,
            8,
            4,
            18,
            16,
            29,
            26,
            17,
            27,
            31
        ],
        "status": 1
    }
}