{
    "61pois_instancia_general1": {
        "NumPOIs": 16,
        "Time": 156.37337613105774,
        "TotalVisitTime": 448.0,
        "TotaltravelTime": 30.649999999999995,
        "arrival": [
            [
                0.5333333329999732,
                27.149999998999988,
                58.56666666499996,
                87.016666665,
                128.98333333100004,
                153.4166666640001,
                182.33333333000007,
                228.3666666630001,
                266.2833333349999,
                295.48333333499994,
                318.3833333349999,
                358.48333333499994,
                392.85000000099996,
                429.91666666699996,
                480.0
            ]
        ],
        "arrivalH": [
            0.5333333333333333,
            27.150000000000002,
            58.56666666666667,
            87.01666666666667,
            128.98333333333335,
            153.41666666666669,
            182.33333333333334,
            228.36666666666667,
            264.93333333333334,
            294.1333333333333,
            317.0333333333333,
            357.1333333333333,
            391.5,
            428.56666666666666,
            478.65
        ],
        "objH": 113.0,
        "objective": 113.0,
        "permutation": [
            15,
            37,
            33,
            7,
            34,
            38,
            52,
            56,
            23,
            50,
            43,
            5,
            14,
            9,
            61
        ],
        "status": 1
    }
}