{
    "11pois_instancia_general1": {
        "NumPOIs": 12,
        "Time": 0.36379432678222656,
        "TotalVisitTime": 371.0,
        "TotaltravelTime": 41.01666666666667,
        "arrival": [
            [
                5.433333333000064,
                35.683333333000064,
                120.0,
                144.81666666700005,
                206.30000000000007,
                242.48333333299973,
                301.0666666659998,
                358.93333333299984,
                386.0166666659999,
                446.13333333299994,
                480.0
            ]
        ],
        "arrivalH": [
            5.433333333333334,
            35.68333333333334,
            65.71666666666667,
            90.53333333333333,
            152.01666666666665,
            174.5,
            233.08333333333334,
            290.95,
            318.0333333333333,
            378.15,
            412.01666666666665
        ],
        "objH": 35.75,
        "objective": 53.0,
        "permutation": [
            3,
            4,
            2,
            5,
            10,
            7,
            9,
            8,
            1,
            6,
            11
        ],
        "status": 1
    }
}