{
    "11pois_instancia_general2": {
        "NumPOIs": 12,
        "Time": 0.17689108848571777,
        "TotalVisitTime": 410.0,
        "TotaltravelTime": 38.53333333333333,
        "arrival": [
            [
                3.6000000000000227,
                36.133333332999996,
                86.83333333299998,
                146.7,
                192.58333333299998,
                282.14999999900016,
                313.23333333200014,
                374.1499999990001,
                404.96666666600004,
                450.633333333,
                480.0
            ]
        ],
        "arrivalH": [
            3.6,
            36.13333333333333,
            86.83333333333334,
            146.70000000000002,
            192.58333333333334,
            250.68333333333334,
            281.76666666666665,
            342.68333333333334,
            373.5,
            419.1666666666667,
            448.53333333333336
        ],
        "objH": 39.75,
        "objective": 42.0,
        "permutation": [
            7,
            2,
            4,
            6,
            5,
            3,
            10,
            8,
            1,
            9,
            11
        ],
        "status": 1
    }
}