{
    "31pois_instancia_general2": {
        "NumPOIs": 16,
        "Time": 25.9654061794281,
        "TotalVisitTime": 437.0,
        "TotaltravelTime": 42.56666666666667,
        "arrival": [
            [
                3.0,
                34.28333333300009,
                62.20000000000016,
                86.73333333300025,
                119.3000000000003,
                165.33333333300033,
                200.35000000000036,
                222.90000000000043,
                245.74999999999966,
                280.41666666699973,
                315.2999999999998,
                343.5666666669999,
                382.8499999999999,
                436.04999999999995,
                480.0
            ]
        ],
        "arrivalH": [
            3.0,
            34.28333333333333,
            62.2,
            86.73333333333333,
            119.30000000000001,
            165.33333333333334,
            200.35000000000002,
            222.90000000000003,
            245.3166666666667,
            279.98333333333335,
            314.8666666666667,
            343.1333333333333,
            382.41666666666663,
            435.6166666666666,
            479.5666666666666
        ],
        "objH": 106.0,
        "objective": 106.0,
        "permutation": [
            18,
            3,
            23,
            25,
            26,
            28,
            1,
            11,
            21,
            6,
            5,
            20,
            8,
            19,
            31
        ],
        "status": 1
    }
}