{
    "61pois_instancia_general3": {
        "NumPOIs": 17,
        "Time": 159.2681291103363,
        "TotalVisitTime": 437.0,
        "TotaltravelTime": 42.95,
        "arrival": [
            [
                0.6499999999999773,
                31.399999999999977,
                56.316666665999946,
                83.59999999899992,
                114.21666666499993,
                142.149999998,
                164.18333333099997,
                189.2166666689999,
                237.7166666689999,
                264.9500000019999,
                293.8333333349999,
                326.6166666679999,
                350.68333333399994,
                385.03333333399996,
                423.71666666699997,
                480.0
            ]
        ],
        "arrivalH": [
            0.65,
            31.4,
            56.31666666666666,
            83.6,
            114.21666666666667,
            142.15,
            164.18333333333334,
            189.16666666666669,
            237.66666666666669,
            264.90000000000003,
            293.78333333333336,
            326.5666666666667,
            350.6333333333334,
            384.9833333333334,
            423.66666666666674,
            479.95000000000005
        ],
        "objH": 116.0,
        "objective": 116.0,
        "permutation": [
            37,
            49,
            3,
            41,
            18,
            27,
            39,
            53,
            56,
            6,
            8,
            51,
            46,
            17,
            10,
            61
        ],
        "status": 1
    }
}