{
    "21pois_instancia_general1": {
        "NumPOIs": 14,
        "Time": 2324.5117321014404,
        "TotalVisitTime": 443.0,
        "TotaltravelTime": 35.93333333333334,
        "arrival": [
            [
                3.4333333340000536,
                31.81666666800004,
                83.90000000200007,
                121.25000000200009,
                168.3666666690001,
                190.4833333360001,
                234.4166666700001,
                265.0333333329999,
                318.6833333329999,
                342.74999999999994,
                377.29999999999995,
                426.4,
                480.0
            ]
        ],
        "arrivalH": [
            3.433333333333333,
            31.816666666666666,
            83.9,
            121.25,
            168.36666666666667,
            190.48333333333335,
            234.41666666666669,
            263.9666666666667,
            317.6166666666667,
            341.68333333333334,
            376.23333333333335,
            425.33333333333337,
            478.9333333333334
        ],
        "objH": 74.75,
        "objective": 74.75,
        "permutation": [
            18,
            10,
            12,
            5,
            4,
            7,
            8,
            19,
            16,
            13,
            6,
            20,
            21
        ],
        "status": 1
    }
}