{
    "71pois_instancia_general2": {
        "NumPOIs": 17,
        "Time": 364.9333276748657,
        "TotalVisitTime": 434.0,
        "TotaltravelTime": 43.05000000000001,
        "arrival": [
            [
                6.0,
                31.83333333400003,
                60.016666668000084,
                90.33333333500013,
                115.15000000200018,
                156.66666666900016,
                178.70000000300013,
                205.15000000300017,
                240.96666666400006,
                262.749999998,
                297.033333332,
                325.366666666,
                360.0,
                390.749999999,
                427.816666666,
                480.0
            ]
        ],
        "arrivalH": [
            6.0,
            31.833333333333332,
            60.016666666666666,
            90.33333333333333,
            115.14999999999999,
            156.66666666666666,
            178.7,
            205.14999999999998,
            240.7,
            262.48333333333335,
            296.76666666666665,
            325.09999999999997,
            359.7333333333333,
            387.79999999999995,
            424.8666666666666,
            477.04999999999995
        ],
        "objH": 131.0,
        "objective": 131.0,
        "permutation": [
            57,
            36,
            51,
            32,
            9,
            30,
            48,
            62,
            59,
            7,
            42,
            56,
            27,
            18,
            11,
            71
        ],
        "status": 1
    }
}