{
    "81pois_instancia_general3": {
        "NumPOIs": 17,
        "Time": 3606.346410512924,
        "TotalVisitTime": 434.0,
        "TotaltravelTime": 45.71666666666667,
        "arrival": [
            [
                6.0,
                31.83333333300004,
                59.766666666000106,
                84.58333333200017,
                126.09999999800016,
                148.13333333100013,
                172.5666666640002,
                205.74999999700026,
                233.13333333000026,
                266.3000000019998,
                294.5666666679998,
                335.46666666799985,
                358.6666666679999,
                386.73333333399995,
                426.4,
                480.0
            ]
        ],
        "arrivalH": [
            6.0,
            31.833333333333332,
            59.766666666666666,
            84.58333333333333,
            126.1,
            148.13333333333333,
            172.56666666666666,
            205.75,
            233.13333333333333,
            266.01666666666665,
            294.2833333333333,
            335.1833333333333,
            358.38333333333327,
            386.44999999999993,
            426.1166666666666,
            479.71666666666664
        ],
        "objH": 130.0,
        "objective": 130.0,
        "permutation": [
            63,
            38,
            35,
            11,
            32,
            50,
            52,
            74,
            70,
            8,
            57,
            64,
            29,
            19,
            78,
            81
        ],
        "status": 1
    }
}