{
    "91pois_instancia_general3": {
        "NumPOIs": 17,
        "Time": 3605.375022649765,
        "TotalVisitTime": 423.0,
        "TotaltravelTime": 54.06666666666666,
        "arrival": [
            [
                6.0,
                31.83333333300004,
                59.766666666000106,
                85.08333333200017,
                120.0,
                147.383333333,
                182.83333333300004,
                207.86666666600001,
                230.266666666,
                261.23333333399984,
                302.1333333339999,
                325.3333333339999,
                355.7333333339999,
                385.43333333399994,
                441.09999999999997,
                480.0
            ]
        ],
        "arrivalH": [
            6.0,
            31.833333333333332,
            59.766666666666666,
            85.08333333333333,
            118.98333333333332,
            146.36666666666665,
            181.81666666666666,
            206.85,
            229.25,
            258.3,
            299.2,
            322.4,
            352.79999999999995,
            382.49999999999994,
            438.16666666666663,
            477.0666666666666
        ],
        "objH": 132.0,
        "objective": 134.0,
        "permutation": [
            73,
            42,
            37,
            57,
            83,
            80,
            54,
            34,
            58,
            66,
            74,
            30,
            48,
            88,
            21,
            91
        ],
        "status": 1
    }
}