{
    "91pois_instancia_general1": {
        "NumPOIs": 17,
        "Time": 3603.2241723537445,
        "TotalVisitTime": 432.0,
        "TotaltravelTime": 47.766666666666666,
        "arrival": [
            [
                3.0,
                36.64999999999998,
                61.566666665999946,
                88.96666666599992,
                113.78333333199998,
                155.29999999799998,
                177.69999999799995,
                210.88333333100002,
                240.38333333599985,
                273.1666666689998,
                295.88333333499986,
                324.2166666679999,
                358.8500000009999,
                389.03333333399996,
                441.09999999999997,
                480.0
            ]
        ],
        "arrivalH": [
            3.0,
            36.65,
            61.56666666666666,
            88.96666666666667,
            113.78333333333333,
            155.3,
            177.70000000000002,
            210.88333333333335,
            240.15000000000003,
            272.9333333333334,
            295.65000000000003,
            323.98333333333335,
            358.6166666666667,
            388.8,
            440.8666666666667,
            479.76666666666665
        ],
        "objH": 126.0,
        "objective": 126.0,
        "permutation": [
            58,
            72,
            7,
            40,
            13,
            37,
            59,
            84,
            11,
            74,
            50,
            67,
            33,
            15,
            23,
            91
        ],
        "status": 1
    }
}