{
    "61pois_instancia_general2": {
        "NumPOIs": 16,
        "Time": 88.82558488845825,
        "TotalVisitTime": 451.0,
        "TotaltravelTime": 27.866666666666664,
        "arrival": [
            [
                3.1666666669999586,
                38.91666666699996,
                64.23333333400001,
                94.85000000100001,
                121.35000000100001,
                163.83333333500002,
                208.75000000200004,
                239.150000002,
                261.86666666400004,
                291.0666666640001,
                312.84999999800004,
                347.73333333200003,
                375.366666666,
                433.183333333,
                480.0
            ]
        ],
        "arrivalH": [
            3.1666666666666665,
            38.916666666666664,
            64.23333333333333,
            94.85,
            121.35,
            163.83333333333331,
            208.74999999999997,
            239.14999999999998,
            260.7333333333333,
            289.9333333333333,
            311.71666666666664,
            346.59999999999997,
            374.2333333333333,
            432.04999999999995,
            478.8666666666666
        ],
        "objH": 112.0,
        "objective": 112.0,
        "permutation": [
            16,
            28,
            40,
            17,
            25,
            50,
            41,
            26,
            24,
            49,
            7,
            5,
            6,
            31,
            61
        ],
        "status": 1
    }
}