{
    "31pois_instancia_general3": {
        "NumPOIs": 14,
        "Time": 2.14479398727417,
        "TotalVisitTime": 440.0,
        "TotaltravelTime": 33.4,
        "arrival": [
            [
                1.2000000000000455,
                31.250000000000114,
                61.86666666600013,
                120.63333333200012,
                145.21666666500016,
                183.09999999800016,
                247.21666666899984,
                277.6166666689998,
                303.9333333349999,
                331.00000000099993,
                370.28333333399996,
                422.45,
                480.0
            ]
        ],
        "arrivalH": [
            1.2,
            31.25,
            61.86666666666667,
            120.63333333333333,
            145.21666666666667,
            183.1,
            240.61666666666667,
            271.01666666666665,
            297.3333333333333,
            324.4,
            363.6833333333333,
            415.84999999999997,
            473.4
        ],
        "objH": 96.0,
        "objective": 96.0,
        "permutation": [
            17,
            21,
            11,
            10,
            27,
            19,
            8,
            14,
            29,
            20,
            3,
            2,
            31
        ],
        "status": 1
    }
}