{
    "81pois_instancia_general1": {
        "NumPOIs": 17,
        "Time": 3605.1555683612823,
        "TotalVisitTime": 436.0,
        "TotaltravelTime": 42.68333333333334,
        "arrival": [
            [
                2.166666665999969,
                27.48333333200003,
                57.866666665000025,
                102.83333333100006,
                128.11666666400004,
                153.149999997,
                175.549999997,
                206.28333333,
                243.28333333499995,
                272.68333333499993,
                302.16666666799995,
                334.9500000009999,
                357.8500000009999,
                397.13333333399993,
                450.94999999999993,
                480.0
            ]
        ],
        "arrivalH": [
            2.1666666666666665,
            27.483333333333334,
            57.86666666666667,
            102.83333333333334,
            128.11666666666667,
            153.15,
            175.55,
            206.28333333333336,
            241.9666666666667,
            271.3666666666667,
            300.85,
            333.6333333333333,
            356.5333333333333,
            395.8166666666666,
            449.63333333333327,
            478.6833333333333
        ],
        "objH": 131.0,
        "objective": 131.0,
        "permutation": [
            30,
            46,
            9,
            61,
            43,
            27,
            47,
            69,
            38,
            23,
            7,
            62,
            54,
            10,
            74,
            81
        ],
        "status": 1
    }
}