{
    "71pois_instancia_general1": {
        "NumPOIs": 16,
        "Time": 1706.511224746704,
        "TotalVisitTime": 438.0,
        "TotaltravelTime": 41.85,
        "arrival": [
            [
                4.6833333329999505,
                32.69999999999993,
                60.44999999999993,
                87.41666666699996,
                130.98333333399995,
                166.35000000099996,
                207.98333333399995,
                233.01666666699992,
                254.74999999999994,
                283.95,
                306.666666667,
                334.916666667,
                374.2,
                426.4,
                480.0
            ]
        ],
        "arrivalH": [
            4.683333333333334,
            32.7,
            60.45,
            87.41666666666667,
            130.98333333333335,
            166.35000000000002,
            207.98333333333335,
            233.01666666666668,
            254.60000000000002,
            283.8,
            306.51666666666665,
            334.76666666666665,
            374.04999999999995,
            426.24999999999994,
            479.84999999999997
        ],
        "objH": 124.0,
        "objective": 124.0,
        "permutation": [
            6,
            38,
            59,
            12,
            63,
            30,
            47,
            32,
            29,
            60,
            42,
            54,
            14,
            69,
            71
        ],
        "status": 1
    }
}