{
    "21pois_instancia_general3": {
        "NumPOIs": 13,
        "Time": 99.70925688743591,
        "TotalVisitTime": 449.0,
        "TotaltravelTime": 30.13333333333333,
        "arrival": [
            [
                0.43333333299995047,
                27.749999998999897,
                72.51666666499989,
                104.28333333099988,
                161.69999999699985,
                196.59999999699983,
                248.0666666680001,
                284.9500000010001,
                344.1666666670001,
                374.35,
                426.55,
                480.0
            ]
        ],
        "arrivalH": [
            0.43333333333333335,
            27.75,
            72.51666666666667,
            104.28333333333333,
            161.7,
            196.6,
            247.2,
            284.0833333333333,
            343.29999999999995,
            373.4833333333333,
            425.6833333333333,
            479.13333333333327
        ],
        "objH": 85.5,
        "objective": 85.5,
        "permutation": [
            16,
            15,
            12,
            2,
            17,
            11,
            19,
            8,
            7,
            3,
            18,
            21
        ],
        "status": 1
    }
}