{
    "51pois_instancia_general3": {
        "NumPOIs": 16,
        "Time": 3605.8319091796875,
        "TotalVisitTime": 444.0,
        "TotaltravelTime": 35.5,
        "arrival": [
            [
                1.116666667000004,
                31.433333334000054,
                57.83333333400003,
                85.75000000099999,
                111.58333333500002,
                138.216666669,
                160.850000003,
                215.81666667000002,
                249.083333332,
                277.349999999,
                318.716666666,
                360.0,
                388.183333333,
                427.083333333,
                480.0
            ]
        ],
        "arrivalH": [
            1.1166666666666667,
            31.433333333333334,
            57.83333333333333,
            85.75,
            111.58333333333333,
            138.21666666666667,
            160.85,
            215.81666666666666,
            248.7,
            276.96666666666664,
            318.3333333333333,
            359.6166666666667,
            387.68333333333334,
            426.5833333333333,
            479.5
        ],
        "objH": 117.75,
        "objective": 117.75,
        "permutation": [
            29,
            12,
            48,
            16,
            45,
            35,
            2,
            43,
            10,
            50,
            23,
            22,
            32,
            42,
            51
        ],
        "status": 1
    }
}