name,amenity,osmid,lng,lat,visit_time,interest,recommendation_factor_1,recommendation_factor_2,recommendation_factor_3,recommendation_factor_4,near_node,opening_hours
Visióon,clinic,7614228209.0,-3.6086771,37.1845962,55.0,4.0,1.0,0.75,0.75,1.0,7614344915.0,"['Mo-Fr 13:30-18:00', 'Sa-Su 09:00-11:00']"
Ilustre Colegio Oficial de Veterinarios de Granada,veterinary,7157522072.0,-3.6069155,37.1837316,44.0,2.0,0.75,0.25,0.25,1.0,5692844768.0,['Mo-Sa 10:00-14:00']
Puerta de la Alpujarra,restaurant,5988891685.0,-3.6053993,37.1769128,46.0,1.0,1.0,0.5,0.5,0.25,7991715838.0,['Mo-Su 8:00-22:00']
Aparcamiento de Parque de las Ciencias - Edificio Macroscopio,parking,830322978.0,-3.606557466063968,37.162603429293526,27.0,8.0,0.5,0.25,1.0,0.75,3772053053.0,['Mo-Su 7:00-14:00']
Farmacia Bola de Oro,pharmacy,951468367.0,-3.5850565,37.1611849,56.0,8.0,1.0,0.75,0.75,0.25,7861010125.0,['Mo-Su 06:00-09:00']
Centro de Consultas Externas,hospital,210585690.0,-3.60907443670105,37.18922903397712,53.0,3.0,0.25,1.0,0.25,0.5,4061855018.0,['Mo-Fr 09:00-14:00']
Aparicio's,restaurant,4726721304.0,-3.60441,37.1718341,42.0,5.0,0.5,1.0,1.0,0.5,7950305408.0,['Mo-Fr 09:00-14:00']
Negro Carbón,restaurant,6987113144.0,-3.5936398,37.1777054,30.0,4.0,1.0,0.5,0.75,1.0,290980418.0,['Mo-Fr 09:00-14:00']
Aparcamiento Hospital La Inmaculada,parking,120731904.0,-3.608105202635763,37.16445199418724,27.0,3.0,0.25,0.75,0.25,1.0,5648584788.0,['Mo-We 7:00-14:00']
Pizzería La Nonna,restaurant,4051802096.0,-3.6094694,37.1905376,28.0,4.0,1.0,0.25,0.5,1.0,7736760684.0,['Mo-Su 06:00-09:00']
Castillo Biejo,restaurant,3475002578.0,-3.5974406,37.1772683,57.0,4.0,0.5,0.5,1.0,0.25,8164137236.0,['Mo-Sa 10:00-14:00']
