{
    "31pois_instancia_general2": {
        "NumPOIs": 16,
        "Time": 6.813547849655151,
        "TotalVisitTime": 437.0,
        "TotaltravelTime": 42.050000000000004,
        "arrival": [
            [
                4.283333333000087,
                36.81666666600012,
                61.73333333300019,
                89.01666666600028,
                118.78333333300037,
                164.8166666660004,
                199.83333333300044,
                222.3833333330005,
                244.80000000000058,
                279.46666666700065,
                314.3500000000007,
                342.6166666670008,
                381.90000000000083,
                435.1000000000009,
                479.0500000000009
            ]
        ],
        "arrivalH": [
            4.283333333333333,
            36.81666666666666,
            61.733333333333334,
            89.01666666666667,
            118.78333333333333,
            164.81666666666666,
            199.83333333333331,
            222.38333333333333,
            244.79999999999998,
            279.46666666666664,
            314.34999999999997,
            342.6166666666666,
            381.9,
            435.09999999999997,
            479.04999999999995
        ],
        "objH": 106.0,
        "objective": 106.0,
        "permutation": [
            25,
            23,
            3,
            18,
            26,
            28,
            1,
            11,
            21,
            6,
            5,
            20,
            8,
            19,
            31
        ],
        "status": 1
    }
}