{
    "81pois_instancia_general1": {
        "NumPOIs": 17,
        "Time": 3616.864759206772,
        "TotalVisitTime": 437.0,
        "TotaltravelTime": 42.08333333333333,
        "arrival": [
            [
                1.1499999999999773,
                31.466666666000037,
                56.2833333320001,
                101.24999999800013,
                127.6833333310002,
                150.08333333100018,
                180.8166666634304,
                216.26666666343044,
                240.28333333000023,
                269.6833333300002,
                298.88333333000014,
                320.6666666624303,
                353.76666666243034,
                395.7333333284304,
                450.0333333284304,
                479.08333332843046
            ]
        ],
        "arrivalH": [
            1.15,
            31.466666666666665,
            56.28333333333333,
            101.25,
            127.68333333333334,
            150.08333333333334,
            180.81666666666666,
            216.26666666666665,
            240.2833333333333,
            269.6833333333333,
            298.88333333333327,
            320.66666666666663,
            353.76666666666665,
            395.73333333333335,
            450.03333333333336,
            479.08333333333337
        ],
        "objH": 131.0,
        "objective": 131.0,
        "permutation": [
            46,
            30,
            9,
            61,
            27,
            47,
            69,
            43,
            38,
            23,
            62,
            7,
            54,
            79,
            74,
            81
        ],
        "status": 1
    }
}