{
    "11pois_instancia_general1": {
        "NumPOIs": 12,
        "Time": 0.2553372383117676,
        "TotalVisitTime": 371.0,
        "TotaltravelTime": 47.56666666666666,
        "arrival": [
            [
                4.866666667000004,
                38.91666666699996,
                70.16666666700002,
                99.11666666700006,
                157.86666666700012,
                186.60000000000014,
                213.08333333300016,
                275.2166666660002,
                333.08333333300027,
                360.1666666660003,
                418.56666666600034
            ]
        ],
        "arrivalH": [
            4.866666666666666,
            38.916666666666664,
            70.16666666666666,
            99.11666666666666,
            157.86666666666667,
            186.60000000000002,
            213.08333333333337,
            275.2166666666667,
            333.08333333333337,
            360.1666666666667,
            418.56666666666666
        ],
        "objH": 53.0,
        "objective": 53.0,
        "permutation": [
            6,
            4,
            3,
            7,
            2,
            10,
            5,
            9,
            8,
            1,
            11
        ],
        "status": 1
    }
}