{
    "41pois_instancia_general2": {
        "NumPOIs": 14,
        "Time": 75.9821925163269,
        "TotalVisitTime": 432.0,
        "TotaltravelTime": 46.56666666666667,
        "arrival": [
            [
                1.1666666669999586,
                62.46666666699997,
                87.38333333243037,
                113.49999999999994,
                134.0833333334304,
                162.86666666799994,
                196.23333333499994,
                237.73333333499994,
                298.33333333499996,
                333.0000000025695,
                368.7166666701391,
                422.28333333770865,
                478.56666667227825
            ]
        ],
        "arrivalH": [
            1.1666666666666667,
            62.46666666666666,
            87.38333333333333,
            113.5,
            134.08333333333334,
            162.86666666666667,
            196.23333333333335,
            237.73333333333335,
            298.33333333333337,
            333.00000000000006,
            368.7166666666667,
            422.28333333333336,
            478.5666666666667
        ],
        "objH": 95.25,
        "objective": 95.25,
        "permutation": [
            31,
            35,
            5,
            1,
            25,
            39,
            10,
            29,
            32,
            8,
            40,
            9,
            41
        ],
        "status": 1
    }
}