{
    "11pois_instancia_general3": {
        "NumPOIs": 12,
        "Time": 1.421905755996704,
        "TotalVisitTime": 357.0,
        "TotaltravelTime": 35.2,
        "arrival": [
            [
                3.3999999999999773,
                64.51666666699998,
                107.46666666700003,
                136.14999999999998,
                196.64999999999998,
                239.45000000000005,
                268.83333333300004,
                301.616666666,
                324.516666666,
                365.61666666599996,
                392.1999999989999
            ]
        ],
        "arrivalH": [
            3.4,
            64.51666666666667,
            107.46666666666667,
            136.15,
            196.65,
            239.45,
            268.8333333333333,
            301.6166666666667,
            324.51666666666665,
            365.6166666666667,
            392.2
        ],
        "objH": 62.0,
        "objective": 62.0,
        "permutation": [
            2,
            6,
            9,
            7,
            3,
            5,
            1,
            10,
            8,
            4,
            11
        ],
        "status": 1
    }
}