{
    "61pois_instancia_general1": {
        "NumPOIs": 16,
        "Time": 84.62122845649719,
        "TotalVisitTime": 447.0,
        "TotaltravelTime": 31.599999999999994,
        "arrival": [
            [
                0.5333333329999732,
                28.599999999000033,
                56.0333333320001,
                86.4166666650001,
                127.79999999800009,
                157.23333333100015,
                182.21666666400017,
                228.2499999970002,
                262.3666666630002,
                303.26666666300025,
                326.4666666630003,
                357.0999999960003,
                391.4499999960003,
                428.5166666620003,
                478.59999999500036
            ]
        ],
        "arrivalH": [
            0.5333333333333333,
            28.6,
            56.03333333333333,
            86.41666666666666,
            127.79999999999998,
            157.23333333333332,
            182.21666666666664,
            228.24999999999997,
            262.3666666666666,
            303.2666666666666,
            326.4666666666666,
            357.0999999999999,
            391.44999999999993,
            428.5166666666666,
            478.5999999999999
        ],
        "objH": 113.0,
        "objective": 113.0,
        "permutation": [
            15,
            33,
            37,
            7,
            38,
            34,
            52,
            56,
            43,
            50,
            23,
            45,
            14,
            9,
            61
        ],
        "status": 1
    }
}