{
    "91pois_instancia_general2": {
        "NumPOIs": 17,
        "Time": 3605.867599964142,
        "TotalVisitTime": 432.0,
        "TotaltravelTime": 42.766666666666666,
        "arrival": [
            [
                1.1499999999999773,
                31.466666666000037,
                57.866666666000015,
                85.78333333199998,
                111.61666666500003,
                138.24999999800002,
                160.283333331,
                184.71666666400006,
                215.44999999700008,
                249.5666666630001,
                290.8166666630001,
                319.0833333290001,
                351.86666666200006,
                374.9333333280001,
                415.88333332800005,
                474.76666666100004
            ]
        ],
        "arrivalH": [
            1.15,
            31.466666666666665,
            57.86666666666666,
            85.78333333333333,
            111.61666666666666,
            138.25,
            160.28333333333333,
            184.71666666666667,
            215.45,
            249.56666666666666,
            290.81666666666666,
            319.0833333333333,
            351.8666666666667,
            374.93333333333334,
            415.8833333333333,
            474.76666666666665
        ],
        "objH": 131.0,
        "objective": 131.0,
        "permutation": [
            55,
            36,
            4,
            71,
            40,
            33,
            52,
            56,
            79,
            64,
            45,
            9,
            73,
            20,
            27,
            91
        ],
        "status": 1
    }
}