{
    "31pois_instancia_general1": {
        "NumPOIs": 15,
        "Time": 855.9079587459564,
        "TotalVisitTime": 428.0,
        "TotaltravelTime": 51.91666666666667,
        "arrival": [
            [
                1.0,
                45.76666666699998,
                76.14999999999998,
                119.60000000000002,
                147.6333333330001,
                175.48333333300002,
                209.33333333300004,
                251.93333333300006,
                289.05000000000007,
                322.3666666670001,
                358.56666666700005,
                413.6,
                448.35,
                479.91666666699996
            ]
        ],
        "arrivalH": [
            1.0,
            45.766666666666666,
            76.15,
            119.60000000000001,
            147.63333333333333,
            175.48333333333332,
            209.33333333333331,
            251.9333333333333,
            289.04999999999995,
            322.3666666666666,
            358.5666666666666,
            413.5999999999999,
            448.3499999999999,
            479.9166666666666
        ],
        "objH": 85.0,
        "objective": 85.0,
        "permutation": [
            23,
            15,
            2,
            13,
            28,
            8,
            4,
            16,
            18,
            29,
            26,
            17,
            27,
            31
        ],
        "status": 1
    }
}