{
    "51pois_instancia_general2": {
        "NumPOIs": 15,
        "Time": 305.1462104320526,
        "TotalVisitTime": 439.0,
        "TotaltravelTime": 40.666666666666664,
        "arrival": [
            [
                5.300000000000068,
                31.13333333300011,
                58.833333333000155,
                81.01666666600022,
                113.01666666600022,
                166.79999999900025,
                221.4333333320003,
                243.84999999900037,
                277.18333333196085,
                307.0166666649368,
                335.283333331937,
                374.566666664937,
                426.7666666649369,
                479.66666666493694
            ]
        ],
        "arrivalH": [
            5.3,
            31.133333333333333,
            58.83333333333333,
            81.01666666666667,
            113.01666666666667,
            166.8,
            221.43333333333334,
            243.85,
            277.18333333333334,
            307.01666666666665,
            335.2833333333333,
            374.5666666666666,
            426.7666666666666,
            479.6666666666666
        ],
        "objH": 112.5,
        "objective": 112.5,
        "permutation": [
            35,
            32,
            40,
            27,
            43,
            10,
            7,
            46,
            17,
            9,
            25,
            2,
            3,
            51
        ],
        "status": 1
    }
}