{
    "51pois_instancia_general1": {
        "NumPOIs": 15,
        "Time": 3308.19189786911,
        "TotalVisitTime": 440.0,
        "TotaltravelTime": 39.51666666666666,
        "arrival": [
            [
                3.8500000000000227,
                44.66666666700007,
                70.65000000000009,
                119.15000000000009,
                148.45000000000016,
                202.6666666670002,
                233.06666666700016,
                254.6500000000002,
                285.0500000000002,
                313.3000000000002,
                354.5666666670002,
                381.30000000000024,
                441.98333333300025,
                479.5166666660003
            ]
        ],
        "arrivalH": [
            3.85,
            44.66666666666667,
            70.65,
            119.15,
            148.45000000000002,
            202.66666666666669,
            233.0666666666667,
            254.65000000000003,
            285.05,
            313.3,
            354.56666666666666,
            381.3,
            441.98333333333335,
            479.51666666666665
        ],
        "objH": 112.0,
        "objective": 112.0,
        "permutation": [
            5,
            16,
            3,
            19,
            30,
            23,
            37,
            48,
            13,
            28,
            44,
            9,
            31,
            51
        ],
        "status": 1
    }
}