{
    "41pois_instancia_general3": {
        "NumPOIs": 15,
        "Time": 39.480706214904785,
        "TotalVisitTime": 451.0,
        "TotaltravelTime": 28.86666666666667,
        "arrival": [
            [
                1.2833333329999732,
                31.59999999899992,
                57.9999999989999,
                86.01666666499989,
                113.76666666499989,
                138.33333333099984,
                180.9499999969998,
                210.38333332999974,
                234.33333332999968,
                289.11666666299965,
                330.5999999959996,
                364.03333332899956,
                422.31666666199953,
                479.8666666619995
            ]
        ],
        "arrivalH": [
            1.2833333333333334,
            31.6,
            58.0,
            86.01666666666667,
            113.76666666666667,
            138.33333333333334,
            180.95000000000002,
            210.38333333333335,
            234.33333333333334,
            289.1166666666667,
            330.6,
            364.03333333333336,
            422.3166666666667,
            479.86666666666673
        ],
        "objH": 112.75,
        "objective": 112.75,
        "permutation": [
            22,
            12,
            1,
            14,
            30,
            11,
            23,
            20,
            36,
            5,
            4,
            3,
            6,
            41
        ],
        "status": 1
    }
}