{
    "61pois_instancia_general2": {
        "NumPOIs": 16,
        "Time": 7.631133079528809,
        "TotalVisitTime": 451.0,
        "TotaltravelTime": 28.533333333333335,
        "arrival": [
            [
                1.2833333339999626,
                31.600000001000012,
                57.35000000100001,
                94.93333333500004,
                121.43333333500004,
                163.91666666900005,
                208.83333333600007,
                239.23333333600004,
                260.8166666700001,
                290.0166666700001,
                311.8000000040001,
                346.68333333800007,
                373.4166666720001,
                432.7166666720001,
                479.5333333390001
            ]
        ],
        "arrivalH": [
            1.2833333333333334,
            31.6,
            57.35,
            94.93333333333334,
            121.43333333333334,
            163.91666666666669,
            208.83333333333334,
            239.23333333333335,
            260.81666666666666,
            290.01666666666665,
            311.8,
            346.68333333333334,
            373.4166666666667,
            432.7166666666667,
            479.53333333333336
        ],
        "objH": 112.0,
        "objective": 112.0,
        "permutation": [
            40,
            28,
            16,
            17,
            25,
            50,
            41,
            26,
            24,
            49,
            7,
            5,
            8,
            31,
            61
        ],
        "status": 1
    }
}