{
    "91pois_instancia_general3": {
        "NumPOIs": 18,
        "Time": 3629.9983086586,
        "TotalVisitTime": 439.0,
        "TotaltravelTime": 40.98333333333334,
        "arrival": [
            [
                3.0,
                33.31666666687181,
                59.71666666687179,
                87.6333333334428,
                113.46666666476153,
                140.0999999981974,
                162.13333333176843,
                186.5666666647685,
                217.29999999832887,
                252.98333333132894,
                281.23333333132894,
                322.1333333313289,
                345.3333333322007,
                373.39999999820077,
                409.4833333312008,
                456.13333333120084,
                479.98333333120087
            ]
        ],
        "arrivalH": [
            3.0,
            33.31666666666666,
            59.71666666666666,
            87.63333333333333,
            113.46666666666665,
            140.1,
            162.13333333333333,
            186.56666666666666,
            217.3,
            252.98333333333335,
            281.23333333333335,
            322.1333333333333,
            345.3333333333333,
            373.4,
            409.4833333333333,
            456.13333333333327,
            479.9833333333333
        ],
        "objH": 133.0,
        "objective": 133.00000000001876,
        "permutation": [
            57,
            37,
            5,
            73,
            42,
            34,
            54,
            58,
            80,
            48,
            66,
            74,
            30,
            21,
            43,
            1,
            91
        ],
        "status": 1
    }
}