{
    "11pois_instancia_general2": {
        "NumPOIs": 12,
        "Time": 0.15891242027282715,
        "TotalVisitTime": 410.0,
        "TotaltravelTime": 40.86666666666667,
        "arrival": [
            [
                1.9666666670000268,
                50.5,
                84.91666666700007,
                119.81666666700005,
                179.68333333400005,
                225.56666666700005,
                283.666666667,
                314.75,
                375.66666666699996,
                406.4833333339999,
                450.8666666669999
            ]
        ],
        "arrivalH": [
            1.9666666666666666,
            50.5,
            84.91666666666666,
            119.81666666666666,
            179.68333333333334,
            225.56666666666666,
            283.6666666666667,
            314.75,
            375.6666666666667,
            406.48333333333335,
            450.8666666666667
        ],
        "objH": 42.0,
        "objective": 42.0,
        "permutation": [
            2,
            7,
            9,
            4,
            6,
            5,
            3,
            10,
            8,
            1,
            11
        ],
        "status": 1
    }
}