{
    "21pois_instancia_general3": {
        "NumPOIs": 13,
        "Time": 12.89830732345581,
        "TotalVisitTime": 449.0,
        "TotaltravelTime": 30.88333333333333,
        "arrival": [
            [
                1.1499999999999773,
                30.91666666599997,
                76.23333333199992,
                105.63333333199989,
                163.04999999799986,
                197.94999999799984,
                248.5499999979998,
                285.4333333309998,
                344.6499999969998,
                377.43333332999975,
                430.63333332999974,
                479.88333332999974
            ]
        ],
        "arrivalH": [
            1.15,
            30.916666666666664,
            76.23333333333333,
            105.63333333333333,
            163.04999999999998,
            197.95,
            248.54999999999998,
            285.43333333333334,
            344.65,
            377.4333333333333,
            430.63333333333327,
            479.88333333333327
        ],
        "objH": 85.5,
        "objective": 85.5,
        "permutation": [
            12,
            15,
            16,
            2,
            17,
            11,
            19,
            8,
            7,
            18,
            3,
            21
        ],
        "status": 1
    }
}