{
    "31pois_instancia_general3": {
        "NumPOIs": 13,
        "Time": 1.5098586082458496,
        "TotalVisitTime": 439.0,
        "TotaltravelTime": 34.133333333333326,
        "arrival": [
            [
                5.050000000000068,
                67.25000000000011,
                92.63333333300011,
                147.06666666600012,
                183.64999999900016,
                206.24999999900018,
                263.7666666650002,
                294.1333333310002,
                335.3833333310002,
                363.41666666400016,
                415.5833333300002,
                473.1333333300002
            ]
        ],
        "arrivalH": [
            5.05,
            67.25,
            92.63333333333333,
            147.06666666666666,
            183.65,
            206.25,
            263.76666666666665,
            294.1333333333333,
            335.3833333333333,
            363.41666666666663,
            415.5833333333333,
            473.1333333333333
        ],
        "objH": 96.0,
        "objective": 96.0,
        "permutation": [
            11,
            17,
            18,
            27,
            10,
            19,
            8,
            20,
            14,
            3,
            2,
            31
        ],
        "status": 1
    }
}