{
    "21pois_instancia_general2": {
        "NumPOIs": 15,
        "Time": 0.7710685729980469,
        "TotalVisitTime": 444.0,
        "TotaltravelTime": 32.33333333333334,
        "arrival": [
            [
                2.9166666669999586,
                35.866666667000004,
                63.75,
                121.14999999999998,
                160.366666667,
                208.05000000000007,
                234.08333333300004,
                256.5000000000001,
                290.5666666670001,
                312.3500000000001,
                345.45000000000005,
                384.76666666700004,
                444.866666667,
                476.33333333400003
            ]
        ],
        "arrivalH": [
            2.9166666666666665,
            35.86666666666667,
            63.75,
            121.15,
            160.36666666666667,
            208.05,
            234.08333333333334,
            256.5,
            290.56666666666666,
            312.35,
            345.45000000000005,
            384.7666666666667,
            444.86666666666673,
            476.33333333333337
        ],
        "objH": 83.0,
        "objective": 83.0,
        "permutation": [
            9,
            8,
            7,
            3,
            11,
            2,
            6,
            16,
            18,
            1,
            15,
            4,
            19,
            21
        ],
        "status": 1
    }
}