{
    "21pois_instancia_general1": {
        "NumPOIs": 14,
        "Time": 15.011180400848389,
        "TotalVisitTime": 448.0,
        "TotaltravelTime": 31.450000000000003,
        "arrival": [
            [
                2.6833333340000536,
                58.90000000000009,
                85.85000000000014,
                120.71666666600015,
                174.26666666600016,
                205.7333333330002,
                227.8500000000002,
                273.0833333340002,
                321.0833333340002,
                355.1500000010002,
                376.7500000010002,
                425.85000000100024,
                479.45000000100026
            ]
        ],
        "arrivalH": [
            2.683333333333333,
            58.9,
            85.85,
            120.71666666666667,
            174.26666666666665,
            205.73333333333332,
            227.85,
            273.0833333333333,
            321.0833333333333,
            355.15,
            376.75,
            425.85,
            479.45000000000005
        ],
        "objH": 74.75,
        "objective": 74.75,
        "permutation": [
            15,
            18,
            12,
            19,
            8,
            4,
            7,
            5,
            13,
            16,
            6,
            20,
            21
        ],
        "status": 1
    }
}