{
    "41pois_instancia_general1": {
        "NumPOIs": 15,
        "Time": 85.17954277992249,
        "TotalVisitTime": 441.0,
        "TotaltravelTime": 38.7,
        "arrival": [
            [
                2.7999999999999545,
                32.75,
                61.799999999999955,
                88.08333333299993,
                132.9833333329999,
                176.3666666659999,
                198.39999999899987,
                222.58333333199982,
                272.63333333199984,
                301.51666666499983,
                334.61666666499985,
                373.8999999979998,
                426.0999999979998,
                479.69999999799984
            ]
        ],
        "arrivalH": [
            2.8,
            32.75,
            61.8,
            88.08333333333333,
            132.98333333333332,
            176.36666666666665,
            198.39999999999998,
            222.58333333333331,
            272.6333333333333,
            301.51666666666665,
            334.6166666666667,
            373.9,
            426.09999999999997,
            479.7
        ],
        "objH": 111.0,
        "objective": 111.0,
        "permutation": [
            34,
            14,
            28,
            29,
            37,
            13,
            20,
            19,
            1,
            3,
            25,
            6,
            38,
            41
        ],
        "status": 1
    }
}