{
    "71pois_instancia_general3": {
        "NumPOIs": 16,
        "Time": 512.3039741516113,
        "TotalVisitTime": 436.0,
        "TotaltravelTime": 43.26666666666667,
        "arrival": [
            [
                3.9500000000000455,
                29.266666667000095,
                62.91666666700007,
                88.0166666670001,
                121.5166666670001,
                145.95000000000005,
                179.133333333,
                206.516666666,
                242.199999999,
                271.599999999,
                301.083333332,
                334.183333332,
                373.466666665,
                425.666666665,
                479.266666665
            ]
        ],
        "arrivalH": [
            3.95,
            29.266666666666666,
            62.916666666666664,
            88.01666666666667,
            121.51666666666667,
            145.95,
            179.13333333333333,
            206.51666666666665,
            242.2,
            271.59999999999997,
            301.0833333333333,
            334.18333333333334,
            373.4666666666667,
            425.6666666666667,
            479.2666666666667
        ],
        "objH": 123.25,
        "objective": 123.25,
        "permutation": [
            23,
            40,
            54,
            50,
            38,
            41,
            64,
            59,
            31,
            20,
            5,
            48,
            6,
            69,
            71
        ],
        "status": 1
    }
}