{
    "71pois_instancia_general1": {
        "NumPOIs": 16,
        "Time": 620.987998008728,
        "TotalVisitTime": 438.0,
        "TotaltravelTime": 41.533333333333324,
        "arrival": [
            [
                4.016666666999981,
                46.25,
                74.26666666699998,
                102.01666666699998,
                126.58333333400003,
                169.95000000100003,
                205.40000000100002,
                230.433333334,
                252.01666666700004,
                281.2166666670001,
                303.9333333340001,
                332.1833333340001,
                374.15000000100014,
                427.3500000010001,
                479.53333333400013
            ]
        ],
        "arrivalH": [
            4.016666666666667,
            46.25,
            74.26666666666667,
            102.01666666666667,
            126.58333333333333,
            169.95,
            205.39999999999998,
            230.4333333333333,
            252.01666666666665,
            281.21666666666664,
            303.9333333333333,
            332.1833333333333,
            374.15,
            427.34999999999997,
            479.5333333333333
        ],
        "objH": 124.0,
        "objective": 124.0,
        "permutation": [
            12,
            6,
            38,
            59,
            30,
            63,
            47,
            32,
            29,
            60,
            42,
            54,
            69,
            14,
            71
        ],
        "status": 1
    }
}