{
    "81pois_instancia_general2": {
        "NumPOIs": 17,
        "Time": 434.04621839523315,
        "TotalVisitTime": 445.0,
        "TotaltravelTime": 34.699999999999996,
        "arrival": [
            [
                1.1166666672322663,
                29.033333333232235,
                54.86666666746453,
                82.80000000103439,
                108.11666666703445,
                137.88333333303444,
                182.7999999978486,
                212.23333333084867,
                237.26666666384864,
                258.84999999746486,
                289.48333333046486,
                322.8166666634649,
                351.06666666227903,
                390.34999999527906,
                442.41666666127907,
                479.6999999942791
            ]
        ],
        "arrivalH": [
            1.1166666666666667,
            29.033333333333335,
            54.86666666666667,
            82.8,
            108.11666666666666,
            137.88333333333333,
            182.79999999999998,
            212.23333333333332,
            237.26666666666665,
            258.84999999999997,
            289.4833333333333,
            322.8166666666666,
            351.0666666666666,
            390.3499999999999,
            442.4166666666666,
            479.69999999999993
        ],
        "objH": 133.0,
        "objective": 133.0,
        "permutation": [
            5,
            66,
            38,
            34,
            52,
            67,
            53,
            49,
            31,
            27,
            63,
            44,
            61,
            13,
            18,
            81
        ],
        "status": 1
    }
}