{
    "81pois_instancia_general3": {
        "NumPOIs": 17,
        "Time": 1717.9054822921753,
        "TotalVisitTime": 434.0,
        "TotaltravelTime": 45.96666666666667,
        "arrival": [
            [
                4.016666665999992,
                44.833333331999995,
                73.88333333200006,
                99.7166666650001,
                126.3499999980001,
                148.38333333100007,
                172.81666666400014,
                205.9999999970002,
                233.3833333300002,
                266.2666666630002,
                294.5333333290002,
                335.43333332900016,
                358.6333333290001,
                386.69999999500016,
                426.3666666610002,
                479.9666666610002
            ]
        ],
        "arrivalH": [
            4.016666666666667,
            44.833333333333336,
            73.88333333333334,
            99.71666666666667,
            126.35,
            148.38333333333333,
            172.81666666666666,
            206.0,
            233.38333333333333,
            266.26666666666665,
            294.5333333333333,
            335.4333333333333,
            358.63333333333327,
            386.69999999999993,
            426.3666666666666,
            479.96666666666664
        ],
        "objH": 130.0,
        "objective": 130.0,
        "permutation": [
            11,
            35,
            63,
            38,
            32,
            50,
            52,
            74,
            70,
            8,
            57,
            64,
            29,
            19,
            78,
            81
        ],
        "status": 1
    }
}