{
    "91pois_instancia_general1": {
        "NumPOIs": 17,
        "Time": 3602.388160467148,
        "TotalVisitTime": 432.0,
        "TotaltravelTime": 46.70000000000001,
        "arrival": [
            [
                3.0,
                33.31666666600006,
                62.366666666000015,
                87.28333333199998,
                114.53333333199998,
                156.04999999799998,
                183.08333333099995,
                212.266666664,
                240.38333333000003,
                273.166666663,
                296.36666666300005,
                326.766666663,
                355.09999999600007,
                389.4499999960001,
                426.5166666620001,
                478.6999999950001
            ]
        ],
        "arrivalH": [
            3.0,
            33.31666666666666,
            62.36666666666666,
            87.28333333333333,
            114.53333333333333,
            156.05,
            183.08333333333334,
            212.26666666666668,
            240.38333333333335,
            273.1666666666667,
            296.3666666666667,
            326.76666666666665,
            355.09999999999997,
            389.45,
            426.51666666666665,
            478.7
        ],
        "objH": 126.0,
        "objective": 126.0,
        "permutation": [
            58,
            40,
            72,
            7,
            13,
            37,
            84,
            59,
            11,
            74,
            33,
            50,
            67,
            23,
            15,
            91
        ],
        "status": 1
    }
}