{
    "61pois_instancia_general3": {
        "NumPOIs": 17,
        "Time": 37.664854288101196,
        "TotalVisitTime": 437.0,
        "TotaltravelTime": 40.7,
        "arrival": [
            [
                0.6499999999999773,
                28.08333333300004,
                58.699999999000056,
                86.93333333200007,
                111.84999999800004,
                137.46666666456986,
                162.49999999756983,
                185.5666666635699,
                234.0666666635699,
                261.2999999965699,
                290.9333333295699,
                312.7166666625699,
                348.3833333285699,
                382.7333333285699,
                421.41666666156993,
                477.69999999456996
            ]
        ],
        "arrivalH": [
            0.65,
            28.083333333333332,
            58.7,
            86.93333333333334,
            111.85000000000001,
            137.46666666666667,
            162.5,
            185.56666666666666,
            234.06666666666666,
            261.3,
            290.93333333333334,
            312.7166666666667,
            348.3833333333334,
            382.7333333333334,
            421.41666666666674,
            477.70000000000005
        ],
        "objH": 116.0,
        "objective": 116.0000000000052,
        "permutation": [
            37,
            41,
            18,
            49,
            3,
            39,
            27,
            53,
            56,
            6,
            51,
            8,
            46,
            17,
            10,
            61
        ],
        "status": 1
    }
}