{
    "71pois_instancia_general2": {
        "NumPOIs": 17,
        "Time": 306.80265855789185,
        "TotalVisitTime": 434.0,
        "TotaltravelTime": 45.18333333333334,
        "arrival": [
            [
                6.0,
                31.833333330253595,
                60.01666666425365,
                90.3333333312537,
                115.14999999825375,
                158.71666666525374,
                195.29999999925377,
                217.33333333325373,
                241.35000000025371,
                269.68333333425375,
                304.31666666825373,
                333.5166666682538,
                355.30000000225374,
                388.2166666692537,
                440.2833333362537,
                479.18333333625367
            ]
        ],
        "arrivalH": [
            6.0,
            31.833333333333332,
            60.016666666666666,
            90.33333333333333,
            115.14999999999999,
            158.71666666666667,
            195.3,
            217.33333333333334,
            241.35000000000002,
            269.68333333333334,
            304.31666666666666,
            333.51666666666665,
            355.3,
            388.2166666666667,
            440.28333333333336,
            479.18333333333334
        ],
        "objH": 131.0,
        "objective": 131.0,
        "permutation": [
            57,
            36,
            51,
            32,
            9,
            62,
            30,
            48,
            42,
            56,
            27,
            59,
            7,
            11,
            18,
            71
        ],
        "status": 1
    }
}