{
    "51pois_instancia_general3": {
        "NumPOIs": 16,
        "Time": 3602.5925765037537,
        "TotalVisitTime": 444.0,
        "TotaltravelTime": 35.5,
        "arrival": [
            [
                1.11666666714018,
                31.43333333372368,
                57.83333333372366,
                85.75000000072362,
                111.58333333472365,
                138.21666666872363,
                160.85000000272362,
                215.81666667323225,
                248.70000000673133,
                276.9666666727177,
                318.3333333397177,
                359.61666667330115,
                387.6833333408155,
                426.5833333408155,
                479.50000000933005
            ]
        ],
        "arrivalH": [
            1.1166666666666667,
            31.433333333333334,
            57.83333333333333,
            85.75,
            111.58333333333333,
            138.21666666666667,
            160.85,
            215.81666666666666,
            248.7,
            276.96666666666664,
            318.3333333333333,
            359.6166666666667,
            387.68333333333334,
            426.5833333333333,
            479.5
        ],
        "objH": 117.75,
        "objective": 117.74999999998799,
        "permutation": [
            29,
            12,
            48,
            16,
            45,
            35,
            2,
            43,
            10,
            50,
            23,
            22,
            32,
            42,
            51
        ],
        "status": 1
    }
}